{"pos":{"x":-10.390000343322754,"y":11.15999984741211,"z":0.0},"scene":"GamScene"}