{"pos":{"x":-5.995017051696777,"y":9.06501579284668,"z":0.0},"scene":"GamScene"}