{"position":{"x":56.476341247558597,"y":-27.53838539123535,"z":0.0}}