{"position":{"x":57.093326568603519,"y":-27.492326736450197,"z":0.0}}