{"position":{"x":55.43944549560547,"y":-27.49542236328125,"z":0.0}}