{"pos":{"x":-1.0497056245803834,"y":-2.649707794189453,"z":0.0},"scene":"Arcade"}