{"pos":{"x":-3.6808042526245119,"y":3.950801372528076,"z":0.0},"scene":"GamScene"}