{"pos":{"x":128.01612854003907,"y":-41.88378143310547,"z":0.0},"scene":"GamScene"}