{"pos":{"x":6.647913455963135,"y":-1.809287667274475,"z":0.0}}