{"pos":{"x":-2.4544577598571779,"y":4.631558895111084,"z":0.0},"scene":"GamScene"}