{"position":{"x":-5.957573413848877,"y":-7.600830554962158,"z":0.0}}