{"position":{"x":55.974822998046878,"y":-27.52509880065918,"z":0.0}}