{"position":{"x":-4.8800048828125,"y":-9.039989471435547,"z":0.0}}