{"position":{"x":-6.983845233917236,"y":-7.583028316497803,"z":0.0}}