{"position":{"x":-4.837862491607666,"y":-9.323127746582032,"z":0.0}}