{"position":{"x":-4.63100004196167,"y":-9.335870742797852,"z":0.0}}