{"position":{"x":129.52554321289063,"y":-11.404138565063477,"z":0.0}}