{"position":{"x":-6.31588077545166,"y":-7.6609930992126469,"z":0.0}}