{"position":{"x":395.6828918457031,"y":123.5230484008789,"z":0.0}}