{"position":{"x":56.20002746582031,"y":-27.500001907348634,"z":0.0}}