{"position":{"x":56.29999923706055,"y":-27.520004272460939,"z":0.0}}