{"position":{"x":56.19496536254883,"y":-27.505014419555665,"z":0.0}}