{"position":{"x":56.40202713012695,"y":-27.546550750732423,"z":0.0}}