{"position":{"x":-6.58657169342041,"y":-7.628122806549072,"z":0.0}}