{"position":{"x":-4.851587772369385,"y":-9.117757797241211,"z":0.0}}