{"position":{"x":55.54852294921875,"y":-27.5114803314209,"z":0.0}}