{"position":{"x":55.96178436279297,"y":-27.483644485473634,"z":0.0}}