{"position":{"x":-3.9200057983398439,"y":-9.279989242553711,"z":0.0}}