{"position":{"x":55.89011001586914,"y":-27.51837921142578,"z":0.0}}