{"position":{"x":-4.8800048828125,"y":-9.199989318847657,"z":0.0}}