{"position":{"x":129.51622009277345,"y":-41.883934020996097,"z":0.0}}