{"position":{"x":55.84000015258789,"y":-27.500003814697267,"z":0.0}}