{"position":{"x":55.97780227661133,"y":-27.52216148376465,"z":0.0}}