{"position":{"x":-4.882976055145264,"y":-9.277030944824219,"z":0.0}}