{"position":{"x":-4.885223388671875,"y":-9.050617218017579,"z":0.0}}