{"position":{"x":55.396934509277347,"y":-27.290056228637697,"z":0.0}}