{"position":{"x":396.9542236328125,"y":121.54232025146485,"z":0.0}}