{"position":{"x":-6.699999809265137,"y":-6.800000190734863,"z":0.0}}