{"position":{"x":-4.8800048828125,"y":-9.119989395141602,"z":0.0}}